timestamp,protocolo,src_ip,dst_ip,ip_proto,info,tamanho_bytes
2025-11-17T22:59:46.483550,IPv4,10.0.2.112,20.85.77.48,6,,298
2025-11-17T22:59:46.484692,IPv4,10.0.2.112,20.85.77.48,6,,120
2025-11-17T22:59:46.485390,IPv4,20.85.77.48,10.0.2.112,6,,52
2025-11-17T22:59:46.494445,IPv4,20.85.77.48,10.0.2.112,6,,646
2025-11-17T22:59:46.502660,IPv4,10.0.2.112,20.85.77.48,6,,168
2025-11-17T22:59:46.504180,IPv4,10.0.2.112,20.85.77.48,6,,120
2025-11-17T22:59:46.504847,IPv4,20.85.77.48,10.0.2.112,6,,754
2025-11-17T22:59:46.505296,IPv4,10.0.2.112,20.85.77.48,6,,234
2025-11-17T22:59:46.505605,IPv4,20.85.77.48,10.0.2.112,6,,52
2025-11-17T22:59:46.507142,IPv4,10.0.2.112,20.85.77.48,6,,120
2025-11-17T22:59:46.509833,IPv4,10.0.2.112,20.85.77.48,6,,152
2025-11-17T22:59:46.510130,IPv4,20.85.77.48,10.0.2.112,6,,52
2025-11-17T22:59:46.510511,IPv4,10.0.2.112,20.85.77.48,6,,120
2025-11-17T22:59:46.511197,IPv4,10.0.2.112,20.85.77.48,6,,168
2025-11-17T22:59:46.511780,IPv4,10.0.2.112,20.85.77.48,6,,120
2025-11-17T22:59:46.511913,IPv4,20.85.77.48,10.0.2.112,6,,52
2025-11-17T22:59:46.531225,IPv4,20.85.77.48,10.0.2.112,6,,310
2025-11-17T22:59:46.534787,IPv4,10.0.2.112,20.85.77.48,6,,168
2025-11-17T22:59:46.535468,IPv4,10.0.2.112,20.85.77.48,6,,120
2025-11-17T22:59:46.535680,IPv4,20.85.77.48,10.0.2.112,6,,52
2025-11-17T22:59:46.563707,IPv4,10.0.2.112,20.85.77.48,6,,506
2025-11-17T22:59:46.564341,IPv4,10.0.2.112,20.85.77.48,6,,120
2025-11-17T22:59:46.565685,IPv4,20.85.77.48,10.0.2.112,6,,52
2025-11-17T22:59:46.574027,IPv4,20.85.77.48,10.0.2.112,6,,374
2025-11-17T22:59:46.586523,IPv4,10.0.2.112,20.85.77.48,6,,168
2025-11-17T22:59:46.586738,IPv4,20.85.77.48,10.0.2.112,6,,262
2025-11-17T22:59:46.589352,IPv4,10.0.2.112,20.85.77.48,6,,120
2025-11-17T22:59:46.592380,IPv4,10.0.2.112,20.85.77.48,6,,200
2025-11-17T22:59:46.592557,IPv4,20.85.77.48,10.0.2.112,6,,52
2025-11-17T22:59:46.592651,IPv4,10.0.2.112,20.85.77.48,6,,120
2025-11-17T22:59:46.635763,IPv4,20.85.77.48,10.0.2.112,6,,52
2025-11-17T22:59:46.643575,IPv4,20.85.77.48,10.0.2.112,6,,326
2025-11-17T22:59:46.647031,IPv4,10.0.2.112,20.85.77.48,6,,168
2025-11-17T22:59:46.648017,IPv4,10.0.2.112,20.85.77.48,6,,120
2025-11-17T22:59:46.648154,IPv4,20.85.77.48,10.0.2.112,6,,52
2025-11-17T22:59:46.648290,IPv4,20.85.77.48,10.0.2.112,6,,52
2025-11-17T22:59:46.652676,IPv4,20.85.77.48,10.0.2.112,6,,214
2025-11-17T22:59:46.690412,IPv4,20.85.77.48,10.0.2.112,6,,310
2025-11-17T22:59:46.691008,IPv4,10.0.2.112,20.85.77.48,6,,52
2025-11-17T22:59:46.692552,IPv4,10.0.2.112,20.85.77.48,6,,168
2025-11-17T22:59:46.693433,IPv4,10.0.2.112,20.85.77.48,6,,120
2025-11-17T22:59:46.693836,IPv4,20.85.77.48,10.0.2.112,6,,52
2025-11-17T22:59:46.709696,IPv4,20.85.77.48,10.0.2.112,6,,518
2025-11-17T22:59:46.712671,IPv4,10.0.2.112,20.85.77.48,6,,168
2025-11-17T22:59:46.713616,IPv4,10.0.2.112,20.85.77.48,6,,120
2025-11-17T22:59:46.713925,IPv4,20.85.77.48,10.0.2.112,6,,52
2025-11-17T22:59:46.779224,IPv4,10.0.2.112,20.60.133.165,6,,549
2025-11-17T22:59:46.782705,IPv4,20.60.133.165,10.0.2.112,6,,418
2025-11-17T22:59:46.782859,IPv4,20.60.133.165,10.0.2.112,6,,79
2025-11-17T22:59:46.782970,IPv4,10.0.2.112,20.60.133.165,6,,52
2025-11-17T22:59:46.783067,IPv4,10.0.2.112,20.60.133.165,6,,52
2025-11-17T22:59:46.840852,IPv4,10.0.2.112,20.85.77.48,6,,506
2025-11-17T22:59:46.841617,IPv4,10.0.2.112,20.85.77.48,6,,120
2025-11-17T22:59:46.841935,IPv4,20.85.77.48,10.0.2.112,6,,52
2025-11-17T22:59:46.969638,IPv4,10.0.2.112,20.85.77.48,6,,506
2025-11-17T22:59:46.970689,IPv4,10.0.2.112,20.85.77.48,6,,120
2025-11-17T22:59:46.970828,IPv4,20.85.77.48,10.0.2.112,6,,52
2025-11-17T22:59:46.982035,IPv4,20.85.77.48,10.0.2.112,6,,518
2025-11-17T22:59:46.985496,IPv4,10.0.2.112,20.85.77.48,6,,168
2025-11-17T22:59:46.986376,IPv4,10.0.2.112,20.85.77.48,6,,120
2025-11-17T22:59:46.986726,IPv4,20.85.77.48,10.0.2.112,6,,52
2025-11-17T22:59:47.066425,IPv4,10.0.2.112,20.42.73.24,6,,52
2025-11-17T22:59:47.079251,IPv4,20.42.73.24,10.0.2.112,6,,52
2025-11-17T22:59:47.093155,IPv4,20.85.77.48,10.0.2.112,6,,214
2025-11-17T22:59:47.096679,IPv4,10.0.2.112,20.85.77.48,6,,152
2025-11-17T22:59:47.097553,IPv4,10.0.2.112,20.85.77.48,6,,120
2025-11-17T22:59:47.098133,IPv4,20.85.77.48,10.0.2.112,6,,52
2025-11-17T22:59:47.114117,IPv4,20.85.77.48,10.0.2.112,6,,518
2025-11-17T22:59:47.114512,IPv4,10.0.2.112,20.85.77.48,6,,506
2025-11-17T22:59:47.116361,IPv4,10.0.2.112,20.85.77.48,6,,120
2025-11-17T22:59:47.117017,IPv4,20.85.77.48,10.0.2.112,6,,52
2025-11-17T22:59:47.120375,IPv4,10.0.2.112,20.85.77.48,6,,168
2025-11-17T22:59:47.120542,IPv4,10.0.2.112,20.85.77.48,6,,120
2025-11-17T22:59:47.120623,IPv4,20.85.77.48,10.0.2.112,6,,52
2025-11-17T22:59:47.165155,IPv4,10.0.2.112,168.63.129.16,6,,60
2025-11-17T22:59:47.165635,IPv4,168.63.129.16,10.0.2.112,6,,60
2025-11-17T22:59:47.165747,IPv4,10.0.2.112,168.63.129.16,6,,52
2025-11-17T22:59:47.165836,IPv4,10.0.2.112,168.63.129.16,6,,252
2025-11-17T22:59:47.167699,IPv4,168.63.129.16,10.0.2.112,6,,2537
2025-11-17T22:59:47.167906,IPv4,10.0.2.112,168.63.129.16,6,,52
2025-11-17T22:59:47.167997,IPv4,10.0.2.112,168.63.129.16,6,,52
2025-11-17T22:59:47.168093,IPv4,168.63.129.16,10.0.2.112,6,,52
2025-11-17T22:59:47.168826,IPv4,10.0.2.112,168.63.129.16,6,,60
2025-11-17T22:59:47.169199,IPv4,168.63.129.16,10.0.2.112,6,,60
2025-11-17T22:59:47.169334,IPv4,10.0.2.112,168.63.129.16,6,,52
2025-11-17T22:59:47.169448,IPv4,10.0.2.112,168.63.129.16,6,,518
2025-11-17T22:59:47.173002,IPv4,168.63.129.16,10.0.2.112,6,,228
2025-11-17T22:59:47.173577,IPv4,10.0.2.112,168.63.129.16,6,,52
2025-11-17T22:59:47.173824,IPv4,168.63.129.16,10.0.2.112,6,,52
2025-11-17T22:59:47.174621,IPv4,10.0.2.112,168.63.129.16,6,,60
2025-11-17T22:59:47.175059,IPv4,168.63.129.16,10.0.2.112,6,,60
2025-11-17T22:59:47.175166,IPv4,10.0.2.112,168.63.129.16,6,,52
2025-11-17T22:59:47.175307,IPv4,10.0.2.112,168.63.129.16,6,,465
2025-11-17T22:59:47.175476,IPv4,10.0.2.112,168.63.129.16,6,,658
2025-11-17T22:59:47.175578,IPv4,168.63.129.16,10.0.2.112,6,,52
2025-11-17T22:59:47.175678,IPv4,168.63.129.16,10.0.2.112,6,,206
2025-11-17T22:59:47.176243,IPv4,10.0.2.112,168.63.129.16,6,,60
2025-11-17T22:59:47.176449,IPv4,168.63.129.16,10.0.2.112,6,,60
2025-11-17T22:59:47.176572,IPv4,10.0.2.112,168.63.129.16,6,,52
2025-11-17T22:59:47.176667,IPv4,10.0.2.112,168.63.129.16,6,,467
2025-11-17T22:59:47.176856,IPv4,10.0.2.112,168.63.129.16,6,,7292
2025-11-17T22:59:47.176984,IPv4,10.0.2.112,168.63.129.16,6,,5844
2025-11-17T22:59:47.177096,IPv4,168.63.129.16,10.0.2.112,6,,52
2025-11-17T22:59:47.177202,IPv4,10.0.2.112,168.63.129.16,6,,1304
2025-11-17T22:59:47.177857,IPv4,168.63.129.16,10.0.2.112,6,,206
2025-11-17T22:59:47.178141,IPv4,10.0.2.112,168.63.129.16,6,,52
2025-11-17T22:59:47.178301,IPv4,10.0.2.112,168.63.129.16,6,,52
2025-11-17T22:59:47.178394,IPv4,168.63.129.16,10.0.2.112,6,,52
2025-11-17T22:59:47.178476,IPv4,168.63.129.16,10.0.2.112,6,,52
2025-11-17T22:59:47.261511,IPv4,20.85.77.48,10.0.2.112,6,,518
2025-11-17T22:59:47.264640,IPv4,10.0.2.112,20.85.77.48,6,,168
2025-11-17T22:59:47.265690,IPv4,10.0.2.112,20.85.77.48,6,,120
2025-11-17T22:59:47.266042,IPv4,20.85.77.48,10.0.2.112,6,,52
2025-11-17T22:59:47.307243,IPv4,10.0.2.112,20.85.77.48,6,,666
2025-11-17T22:59:47.307868,IPv4,10.0.2.112,20.85.77.48,6,,120
2025-11-17T22:59:47.308406,IPv4,20.85.77.48,10.0.2.112,6,,52
2025-11-17T22:59:47.436041,IPv4,10.0.2.112,20.85.77.48,6,,506
2025-11-17T22:59:47.436915,IPv4,10.0.2.112,20.85.77.48,6,,120
2025-11-17T22:59:47.437542,IPv4,20.85.77.48,10.0.2.112,6,,52
2025-11-17T22:59:47.450608,IPv4,20.85.77.48,10.0.2.112,6,,662
2025-11-17T22:59:47.454370,IPv4,10.0.2.112,20.85.77.48,6,,168
2025-11-17T22:59:47.455235,IPv4,10.0.2.112,20.85.77.48,6,,120
2025-11-17T22:59:47.455393,IPv4,20.85.77.48,10.0.2.112,6,,52
2025-11-17T22:59:47.484428,IPv4,10.0.2.112,20.85.77.48,6,,298
2025-11-17T22:59:47.485129,IPv4,10.0.2.112,20.85.77.48,6,,120
2025-11-17T22:59:47.485732,IPv4,20.85.77.48,10.0.2.112,6,,52
2025-11-17T22:59:47.578533,IPv4,20.85.77.48,10.0.2.112,6,,518
2025-11-17T22:59:47.581711,IPv4,10.0.2.112,20.85.77.48,6,,168
2025-11-17T22:59:47.582752,IPv4,10.0.2.112,20.85.77.48,6,,120
2025-11-17T22:59:47.582907,IPv4,20.85.77.48,10.0.2.112,6,,52
2025-11-17T22:59:47.613562,IPv4,10.0.2.112,20.85.77.48,6,,506
2025-11-17T22:59:47.614195,IPv4,10.0.2.112,20.85.77.48,6,,120
2025-11-17T22:59:47.614960,IPv4,20.85.77.48,10.0.2.112,6,,52
2025-11-17T22:59:47.632741,IPv4,20.85.77.48,10.0.2.112,6,,326
2025-11-17T22:59:47.635986,IPv4,10.0.2.112,20.85.77.48,6,,168
2025-11-17T22:59:47.637007,IPv4,10.0.2.112,20.85.77.48,6,,120
2025-11-17T22:59:47.637141,IPv4,20.85.77.48,10.0.2.112,6,,52
2025-11-17T22:59:47.686971,IPv4,20.85.77.48,10.0.2.112,6,,310
2025-11-17T22:59:47.690515,IPv4,10.0.2.112,20.85.77.48,6,,168
2025-11-17T22:59:47.691020,IPv4,10.0.2.112,20.85.77.48,6,,120
2025-11-17T22:59:47.691830,IPv4,20.85.77.48,10.0.2.112,6,,52
2025-11-17T22:59:47.756120,IPv4,20.85.77.48,10.0.2.112,6,,518
2025-11-17T22:59:47.760893,IPv4,10.0.2.112,20.85.77.48,6,,168
2025-11-17T22:59:47.761831,IPv4,10.0.2.112,20.85.77.48,6,,120
2025-11-17T22:59:47.764145,IPv4,20.85.77.48,10.0.2.112,6,,52
2025-11-17T22:59:47.783845,IPv4,10.0.2.112,20.60.133.165,6,,549
2025-11-17T22:59:47.793378,IPv4,20.60.133.165,10.0.2.112,6,,52
2025-11-17T22:59:47.800094,IPv4,20.60.133.165,10.0.2.112,6,,418
2025-11-17T22:59:47.800367,IPv4,20.60.133.165,10.0.2.112,6,,79
2025-11-17T22:59:47.800579,IPv4,10.0.2.112,20.60.133.165,6,,52
2025-11-17T22:59:47.800667,IPv4,10.0.2.112,20.60.133.165,6,,52
2025-11-17T22:59:47.820444,IPv4,10.0.2.112,20.85.77.48,6,,506
2025-11-17T22:59:47.821158,IPv4,10.0.2.112,20.85.77.48,6,,120
2025-11-17T22:59:47.821736,IPv4,20.85.77.48,10.0.2.112,6,,52
2025-11-17T22:59:47.830002,IPv4,20.85.77.48,10.0.2.112,6,,164
2025-11-17T22:59:47.870438,IPv4,10.0.2.112,20.85.77.48,6,,52
2025-11-17T22:59:47.963242,IPv4,20.85.77.48,10.0.2.112,6,,608
2025-11-17T22:59:47.963491,IPv4,10.0.2.112,20.85.77.48,6,,52
2025-11-17T22:59:47.967459,IPv4,10.0.2.112,20.85.77.48,6,,168
2025-11-17T22:59:47.968421,IPv4,10.0.2.112,20.85.77.48,6,,120
2025-11-17T22:59:47.968990,IPv4,20.85.77.48,10.0.2.112,6,,52
2025-11-17T22:59:47.998298,IPv4,10.0.2.112,20.85.77.48,6,,506
2025-11-17T22:59:47.998961,IPv4,10.0.2.112,20.85.77.48,6,,120
2025-11-17T22:59:47.999383,IPv4,20.85.77.48,10.0.2.112,6,,52
2025-11-17T22:59:48.090508,IPv4,10.0.2.112,20.42.73.24,6,,52
2025-11-17T22:59:48.095824,IPv4,20.42.73.24,10.0.2.112,6,,52
2025-11-17T22:59:48.126935,IPv4,10.0.2.112,20.85.77.48,6,,506
2025-11-17T22:59:48.127680,IPv4,10.0.2.112,20.85.77.48,6,,120
2025-11-17T22:59:48.128337,IPv4,20.85.77.48,10.0.2.112,6,,52
2025-11-17T22:59:48.164200,IPv4,20.85.77.48,10.0.2.112,6,,518
2025-11-17T22:59:48.170035,IPv4,10.0.2.112,20.85.77.48,6,,168
2025-11-17T22:59:48.170235,IPv4,10.0.2.112,20.85.77.48,6,,120
2025-11-17T22:59:48.170353,IPv4,20.85.77.48,10.0.2.112,6,,52
2025-11-17T22:59:48.269305,IPv4,20.85.77.48,10.0.2.112,6,,518
2025-11-17T22:59:48.278400,IPv4,10.0.2.112,20.85.77.48,6,,168
2025-11-17T22:59:48.278612,IPv4,10.0.2.112,20.85.77.48,6,,120
2025-11-17T22:59:48.280234,IPv4,20.85.77.48,10.0.2.112,6,,52
2025-11-17T22:59:48.298729,IPv4,10.0.2.112,20.85.77.48,6,,506
2025-11-17T22:59:48.301386,IPv4,10.0.2.112,20.85.77.48,6,,120
2025-11-17T22:59:48.301568,IPv4,20.85.77.48,10.0.2.112,6,,52
2025-11-17T22:59:48.318738,IPv4,10.0.2.112,20.85.77.48,6,,218
2025-11-17T22:59:48.318933,IPv4,10.0.2.112,20.85.77.48,6,,120
2025-11-17T22:59:48.321301,IPv4,10.0.2.112,20.85.77.48,6,,152
2025-11-17T22:59:48.321946,IPv4,10.0.2.112,20.85.77.48,6,,120
2025-11-17T22:59:48.323885,IPv4,20.85.77.48,10.0.2.112,6,,52
2025-11-17T22:59:48.443178,IPv4,20.85.77.48,10.0.2.112,6,,518
2025-11-17T22:59:48.447618,IPv4,10.0.2.112,20.85.77.48,6,,168
2025-11-17T22:59:48.448319,IPv4,10.0.2.112,20.85.77.48,6,,120
2025-11-17T22:59:48.448939,IPv4,20.85.77.48,10.0.2.112,6,,52
2025-11-17T22:59:48.451407,IPv4,10.0.2.112,20.85.77.48,6,,506
2025-11-17T22:59:48.452054,IPv4,10.0.2.112,20.85.77.48,6,,120
2025-11-17T22:59:48.452314,IPv4,20.85.77.48,10.0.2.112,6,,52
2025-11-17T22:59:48.486462,IPv4,10.0.2.112,20.85.77.48,6,,298
2025-11-17T22:59:48.487655,IPv4,10.0.2.112,20.85.77.48,6,,120
2025-11-17T22:59:48.487834,IPv4,20.85.77.48,10.0.2.112,6,,52
2025-11-17T22:59:48.601556,IPv4,20.85.77.48,10.0.2.112,6,,518
2025-11-17T22:59:48.604917,IPv4,10.0.2.112,20.85.77.48,6,,168
2025-11-17T22:59:48.605772,IPv4,10.0.2.112,20.85.77.48,6,,120
2025-11-17T22:59:48.605912,IPv4,20.85.77.48,10.0.2.112,6,,52
2025-11-17T22:59:48.615207,IPv4,10.0.2.112,20.85.77.48,6,,506
2025-11-17T22:59:48.615972,IPv4,10.0.2.112,20.85.77.48,6,,120
2025-11-17T22:59:48.616522,IPv4,20.85.77.48,10.0.2.112,6,,52
2025-11-17T22:59:48.636733,IPv4,20.85.77.48,10.0.2.112,6,,326
2025-11-17T22:59:48.648638,IPv4,10.0.2.112,20.85.77.48,6,,168
2025-11-17T22:59:48.648820,IPv4,10.0.2.112,20.85.77.48,6,,120
2025-11-17T22:59:48.648903,IPv4,20.85.77.48,10.0.2.112,6,,52
2025-11-17T22:59:48.683358,IPv4,20.85.77.48,10.0.2.112,6,,310
2025-11-17T22:59:48.685568,IPv4,10.0.2.112,20.85.77.48,6,,168
2025-11-17T22:59:48.686085,IPv4,10.0.2.112,20.85.77.48,6,,120
2025-11-17T22:59:48.686460,IPv4,20.85.77.48,10.0.2.112,6,,52
2025-11-17T22:59:48.763989,IPv4,20.85.77.48,10.0.2.112,6,,518
2025-11-17T22:59:48.766992,IPv4,10.0.2.112,20.85.77.48,6,,168
2025-11-17T22:59:48.767987,IPv4,10.0.2.112,20.85.77.48,6,,120
2025-11-17T22:59:48.768119,IPv4,20.85.77.48,10.0.2.112,6,,52
2025-11-17T22:59:48.800522,IPv4,10.0.2.112,20.60.133.165,6,,549
2025-11-17T22:59:48.804400,IPv4,20.60.133.165,10.0.2.112,6,,418
2025-11-17T22:59:48.804747,IPv4,20.60.133.165,10.0.2.112,6,,79
2025-11-17T22:59:48.804899,IPv4,10.0.2.112,20.60.133.165,6,,52
2025-11-17T22:59:48.805060,IPv4,10.0.2.112,20.60.133.165,6,,52
2025-11-17T22:59:48.814014,IPv4,10.0.2.112,20.85.77.48,6,,506
2025-11-17T22:59:48.814977,IPv4,10.0.2.112,20.85.77.48,6,,120
2025-11-17T22:59:48.815120,IPv4,20.85.77.48,10.0.2.112,6,,52
2025-11-17T22:59:48.942569,IPv4,10.0.2.112,20.85.77.48,6,,506
2025-11-17T22:59:48.943688,IPv4,10.0.2.112,20.85.77.48,6,,120
2025-11-17T22:59:48.943899,IPv4,20.85.77.48,10.0.2.112,6,,52
2025-11-17T22:59:48.956804,IPv4,20.85.77.48,10.0.2.112,6,,518
2025-11-17T22:59:48.959848,IPv4,10.0.2.112,20.85.77.48,6,,168
2025-11-17T22:59:48.960471,IPv4,10.0.2.112,20.85.77.48,6,,120
2025-11-17T22:59:48.960913,IPv4,20.85.77.48,10.0.2.112,6,,52
2025-11-17T22:59:49.086525,IPv4,20.85.77.48,10.0.2.112,6,,518
2025-11-17T22:59:49.090254,IPv4,10.0.2.112,20.85.77.48,6,,506
2025-11-17T22:59:49.090556,IPv4,10.0.2.112,20.85.77.48,6,,120
2025-11-17T22:59:49.091276,IPv4,10.0.2.112,20.85.77.48,6,,168
2025-11-17T22:59:49.091419,IPv4,20.85.77.48,10.0.2.112,6,,52
2025-11-17T22:59:49.091992,IPv4,10.0.2.112,20.85.77.48,6,,120
2025-11-17T22:59:49.092434,IPv4,20.85.77.48,10.0.2.112,6,,52
2025-11-17T22:59:49.114400,IPv4,10.0.2.112,20.42.73.24,6,,52
2025-11-17T22:59:49.119887,IPv4,20.42.73.24,10.0.2.112,6,,52
2025-11-17T22:59:49.236826,IPv4,20.85.77.48,10.0.2.112,6,,518
2025-11-17T22:59:49.240065,IPv4,10.0.2.112,20.85.77.48,6,,168
2025-11-17T22:59:49.240824,IPv4,10.0.2.112,20.85.77.48,6,,120
2025-11-17T22:59:49.241236,IPv4,20.85.77.48,10.0.2.112,6,,52
2025-11-17T22:59:49.248348,IPv4,10.0.2.112,20.85.77.48,6,,506
2025-11-17T22:59:49.249156,IPv4,10.0.2.112,20.85.77.48,6,,120
2025-11-17T22:59:49.249474,IPv4,20.85.77.48,10.0.2.112,6,,52
2025-11-17T22:59:49.377355,IPv4,10.0.2.112,20.85.77.48,6,,506
2025-11-17T22:59:49.378071,IPv4,10.0.2.112,20.85.77.48,6,,120
2025-11-17T22:59:49.378490,IPv4,20.85.77.48,10.0.2.112,6,,52
2025-11-17T22:59:49.500394,IPv4,127.0.0.1,127.0.0.1,6,,212
2025-11-17T22:59:49.500637,IPv4,127.0.0.1,127.0.0.1,6,,212
2025-11-17T22:59:49.500731,IPv4,127.0.0.1,127.0.0.1,6,,52
2025-11-17T22:59:49.500813,IPv4,127.0.0.1,127.0.0.1,6,,52
2025-11-17T22:59:49.509468,IPv4,127.0.0.1,127.0.0.1,6,,417
2025-11-17T22:59:49.509662,IPv4,127.0.0.1,127.0.0.1,6,,417
2025-11-17T22:59:49.509752,IPv4,127.0.0.1,127.0.0.1,6,,52
2025-11-17T22:59:49.509840,IPv4,127.0.0.1,127.0.0.1,6,,52
2025-11-17T22:59:49.521713,IPv4,127.0.0.1,127.0.0.1,6,,423
2025-11-17T22:59:49.521943,IPv4,127.0.0.1,127.0.0.1,6,,423
2025-11-17T22:59:49.527389,IPv4,127.0.0.1,127.0.0.1,6,,88
2025-11-17T22:59:49.527586,IPv4,127.0.0.1,127.0.0.1,6,,88
2025-11-17T22:59:49.527702,IPv4,127.0.0.1,127.0.0.1,6,,52
2025-11-17T22:59:49.527791,IPv4,127.0.0.1,127.0.0.1,6,,52
2025-11-17T22:59:49.648107,IPv4,127.0.0.1,127.0.0.1,6,,226
2025-11-17T22:59:49.648769,IPv4,127.0.0.1,127.0.0.1,6,,226
2025-11-17T22:59:49.650446,IPv4,127.0.0.1,127.0.0.1,6,,88
2025-11-17T22:59:49.651467,IPv4,127.0.0.1,127.0.0.1,6,,88
2025-11-17T22:59:49.651570,IPv4,127.0.0.1,127.0.0.1,6,,423
2025-11-17T22:59:49.651669,IPv4,127.0.0.1,127.0.0.1,6,,423
2025-11-17T22:59:49.653040,IPv4,127.0.0.1,127.0.0.1,6,,88
2025-11-17T22:59:49.653169,IPv4,127.0.0.1,127.0.0.1,6,,88
2025-11-17T22:59:49.656423,IPv4,127.0.0.1,127.0.0.1,6,,417
2025-11-17T22:59:49.656788,IPv4,127.0.0.1,127.0.0.1,6,,417
2025-11-17T22:59:49.657091,IPv4,127.0.0.1,127.0.0.1,6,,52
2025-11-17T22:59:49.657189,IPv4,127.0.0.1,127.0.0.1,6,,52
2025-11-17T22:59:49.693408,IPv4,127.0.0.1,127.0.0.1,6,,52
2025-11-17T22:59:49.693613,IPv4,127.0.0.1,127.0.0.1,6,,52
2025-11-17T22:59:49.697324,IPv4,127.0.0.1,127.0.0.1,6,,219
2025-11-17T22:59:49.697680,IPv4,127.0.0.1,127.0.0.1,6,,219
2025-11-17T22:59:49.698910,IPv4,127.0.0.1,127.0.0.1,6,,88
2025-11-17T22:59:49.699213,IPv4,127.0.0.1,127.0.0.1,6,,88
2025-11-17T22:59:49.699343,IPv4,127.0.0.1,127.0.0.1,6,,52
2025-11-17T22:59:49.699430,IPv4,127.0.0.1,127.0.0.1,6,,52
2025-11-17T22:59:49.800161,IPv4,127.0.0.1,127.0.0.1,6,,423
2025-11-17T22:59:49.800516,IPv4,127.0.0.1,127.0.0.1,6,,423
2025-11-17T22:59:49.801673,IPv4,127.0.0.1,127.0.0.1,6,,88
2025-11-17T22:59:49.801811,IPv4,127.0.0.1,127.0.0.1,6,,88
2025-11-17T22:59:49.801923,IPv4,127.0.0.1,127.0.0.1,6,,52
2025-11-17T22:59:49.801997,IPv4,127.0.0.1,127.0.0.1,6,,52
2025-11-17T22:59:49.826815,IPv4,127.0.0.1,127.0.0.1,6,,417
2025-11-17T22:59:49.826997,IPv4,127.0.0.1,127.0.0.1,6,,417
2025-11-17T22:59:49.827079,IPv4,127.0.0.1,127.0.0.1,6,,52
2025-11-17T22:59:49.827155,IPv4,127.0.0.1,127.0.0.1,6,,52
2025-11-17T22:59:49.954719,IPv4,127.0.0.1,127.0.0.1,6,,417
2025-11-17T22:59:49.954918,IPv4,127.0.0.1,127.0.0.1,6,,417
2025-11-17T22:59:49.954995,IPv4,127.0.0.1,127.0.0.1,6,,52
2025-11-17T22:59:49.955063,IPv4,127.0.0.1,127.0.0.1,6,,52
2025-11-17T22:59:50.003959,IPv4,127.0.0.1,127.0.0.1,6,,423
2025-11-17T22:59:50.004310,IPv4,127.0.0.1,127.0.0.1,6,,423
2025-11-17T22:59:50.007250,IPv4,127.0.0.1,127.0.0.1,6,,88
2025-11-17T22:59:50.007443,IPv4,127.0.0.1,127.0.0.1,6,,88
2025-11-17T22:59:50.007542,IPv4,127.0.0.1,127.0.0.1,6,,52
2025-11-17T22:59:50.007643,IPv4,127.0.0.1,127.0.0.1,6,,52
2025-11-17T22:59:50.096663,IPv4,127.0.0.1,127.0.0.1,6,,423
2025-11-17T22:59:50.097087,IPv4,127.0.0.1,127.0.0.1,6,,423
2025-11-17T22:59:50.097988,IPv4,127.0.0.1,127.0.0.1,6,,88
2025-11-17T22:59:50.098135,IPv4,127.0.0.1,127.0.0.1,6,,88
2025-11-17T22:59:50.098215,IPv4,127.0.0.1,127.0.0.1,6,,52
2025-11-17T22:59:50.098321,IPv4,127.0.0.1,127.0.0.1,6,,52
2025-11-17T22:59:50.134873,IPv4,127.0.0.1,127.0.0.1,6,,417
2025-11-17T22:59:50.135058,IPv4,127.0.0.1,127.0.0.1,6,,417
2025-11-17T22:59:50.135135,IPv4,127.0.0.1,127.0.0.1,6,,52
2025-11-17T22:59:50.135206,IPv4,127.0.0.1,127.0.0.1,6,,52
2025-11-17T22:59:50.262973,IPv4,127.0.0.1,127.0.0.1,6,,417
2025-11-17T22:59:50.263206,IPv4,127.0.0.1,127.0.0.1,6,,417
2025-11-17T22:59:50.263315,IPv4,127.0.0.1,127.0.0.1,6,,52
2025-11-17T22:59:50.263390,IPv4,127.0.0.1,127.0.0.1,6,,52
2025-11-17T22:59:50.279512,IPv4,127.0.0.1,127.0.0.1,6,,423
2025-11-17T22:59:50.279780,IPv4,127.0.0.1,127.0.0.1,6,,423
2025-11-17T22:59:50.282038,IPv4,127.0.0.1,127.0.0.1,6,,88
2025-11-17T22:59:50.282211,IPv4,127.0.0.1,127.0.0.1,6,,88
2025-11-17T22:59:50.282312,IPv4,127.0.0.1,127.0.0.1,6,,52
2025-11-17T22:59:50.282383,IPv4,127.0.0.1,127.0.0.1,6,,52
2025-11-17T22:59:50.407689,IPv4,127.0.0.1,127.0.0.1,6,,423
2025-11-17T22:59:50.407873,IPv4,127.0.0.1,127.0.0.1,6,,423
2025-11-17T22:59:50.410162,IPv4,127.0.0.1,127.0.0.1,6,,88
2025-11-17T22:59:50.410330,IPv4,127.0.0.1,127.0.0.1,6,,88
2025-11-17T22:59:50.410413,IPv4,127.0.0.1,127.0.0.1,6,,52
2025-11-17T22:59:50.410494,IPv4,127.0.0.1,127.0.0.1,6,,52
2025-11-17T22:59:50.410853,IPv4,127.0.0.1,127.0.0.1,6,,417
2025-11-17T22:59:50.411096,IPv4,127.0.0.1,127.0.0.1,6,,417
2025-11-17T22:59:50.411365,IPv4,127.0.0.1,127.0.0.1,6,,52
2025-11-17T22:59:50.411644,IPv4,127.0.0.1,127.0.0.1,6,,52
2025-11-17T22:59:50.502547,IPv4,127.0.0.1,127.0.0.1,6,,212
2025-11-17T22:59:50.503182,IPv4,127.0.0.1,127.0.0.1,6,,212
2025-11-17T22:59:50.503648,IPv4,127.0.0.1,127.0.0.1,6,,52
2025-11-17T22:59:50.503876,IPv4,127.0.0.1,127.0.0.1,6,,52
2025-11-17T22:59:50.539150,IPv4,127.0.0.1,127.0.0.1,6,,417
2025-11-17T22:59:50.539364,IPv4,127.0.0.1,127.0.0.1,6,,417
2025-11-17T22:59:50.539441,IPv4,127.0.0.1,127.0.0.1,6,,52
2025-11-17T22:59:50.539511,IPv4,127.0.0.1,127.0.0.1,6,,52
2025-11-17T22:59:50.555833,IPv4,127.0.0.1,127.0.0.1,6,,423
2025-11-17T22:59:50.556135,IPv4,127.0.0.1,127.0.0.1,6,,423
2025-11-17T22:59:50.558279,IPv4,127.0.0.1,127.0.0.1,6,,88
2025-11-17T22:59:50.558444,IPv4,127.0.0.1,127.0.0.1,6,,88
2025-11-17T22:59:50.558521,IPv4,127.0.0.1,127.0.0.1,6,,52
2025-11-17T22:59:50.558590,IPv4,127.0.0.1,127.0.0.1,6,,52
2025-11-17T22:59:50.655621,IPv4,127.0.0.1,127.0.0.1,6,,226
2025-11-17T22:59:50.656014,IPv4,127.0.0.1,127.0.0.1,6,,226
2025-11-17T22:59:50.657396,IPv4,127.0.0.1,127.0.0.1,6,,88
2025-11-17T22:59:50.657514,IPv4,127.0.0.1,127.0.0.1,6,,88
2025-11-17T22:59:50.657607,IPv4,127.0.0.1,127.0.0.1,6,,52
2025-11-17T22:59:50.657698,IPv4,127.0.0.1,127.0.0.1,6,,52
2025-11-17T22:59:50.689862,IPv4,127.0.0.1,127.0.0.1,6,,417
2025-11-17T22:59:50.690183,IPv4,127.0.0.1,127.0.0.1,6,,417
2025-11-17T22:59:50.690590,IPv4,127.0.0.1,127.0.0.1,6,,52
2025-11-17T22:59:50.691695,IPv4,127.0.0.1,127.0.0.1,6,,52
2025-11-17T22:59:50.693190,IPv4,127.0.0.1,127.0.0.1,6,,423
2025-11-17T22:59:50.694452,IPv4,127.0.0.1,127.0.0.1,6,,423
2025-11-17T22:59:50.702447,IPv4,127.0.0.1,127.0.0.1,6,,219
2025-11-17T22:59:50.702631,IPv4,127.0.0.1,127.0.0.1,6,,219
2025-11-17T22:59:50.707397,IPv4,127.0.0.1,127.0.0.1,6,,52
2025-11-17T22:59:50.707582,IPv4,127.0.0.1,127.0.0.1,6,,52
2025-11-17T22:59:50.708638,IPv4,127.0.0.1,127.0.0.1,6,,124
2025-11-17T22:59:50.708764,IPv4,127.0.0.1,127.0.0.1,6,,124
2025-11-17T22:59:50.748419,IPv4,127.0.0.1,127.0.0.1,6,,52
2025-11-17T22:59:50.748600,IPv4,127.0.0.1,127.0.0.1,6,,52
2025-11-17T22:59:50.840526,IPv4,127.0.0.1,127.0.0.1,6,,423
2025-11-17T22:59:50.840982,IPv4,127.0.0.1,127.0.0.1,6,,423
2025-11-17T22:59:50.841885,IPv4,127.0.0.1,127.0.0.1,6,,88
2025-11-17T22:59:50.842209,IPv4,127.0.0.1,127.0.0.1,6,,88
2025-11-17T22:59:50.842790,IPv4,127.0.0.1,127.0.0.1,6,,52
2025-11-17T22:59:50.842964,IPv4,127.0.0.1,127.0.0.1,6,,52
2025-11-17T22:59:50.875941,IPv4,127.0.0.1,127.0.0.1,6,,417
2025-11-17T22:59:50.876123,IPv4,127.0.0.1,127.0.0.1,6,,417
2025-11-17T22:59:50.876200,IPv4,127.0.0.1,127.0.0.1,6,,52
2025-11-17T22:59:50.876294,IPv4,127.0.0.1,127.0.0.1,6,,52
2025-11-17T22:59:50.895693,IPv4,127.0.0.1,127.0.0.1,6,,65
2025-11-17T22:59:50.896106,IPv4,127.0.0.1,127.0.0.1,6,,65
2025-11-17T22:59:50.896183,IPv4,127.0.0.1,127.0.0.1,6,,52
2025-11-17T22:59:50.896298,IPv4,127.0.0.1,127.0.0.1,6,,52
2025-11-17T22:59:51.018681,IPv4,127.0.0.1,127.0.0.1,6,,423
2025-11-17T22:59:51.019099,IPv4,127.0.0.1,127.0.0.1,6,,423
2025-11-17T22:59:51.019974,IPv4,127.0.0.1,127.0.0.1,6,,88
2025-11-17T22:59:51.020113,IPv4,127.0.0.1,127.0.0.1,6,,88
2025-11-17T22:59:51.020213,IPv4,127.0.0.1,127.0.0.1,6,,52
2025-11-17T22:59:51.020328,IPv4,127.0.0.1,127.0.0.1,6,,52
2025-11-17T22:59:51.024670,IPv4,127.0.0.1,127.0.0.1,6,,417
2025-11-17T22:59:51.024882,IPv4,127.0.0.1,127.0.0.1,6,,417
2025-11-17T22:59:51.024960,IPv4,127.0.0.1,127.0.0.1,6,,52
2025-11-17T22:59:51.025039,IPv4,127.0.0.1,127.0.0.1,6,,52
2025-11-17T22:59:51.152606,IPv4,127.0.0.1,127.0.0.1,6,,417
2025-11-17T22:59:51.152800,IPv4,127.0.0.1,127.0.0.1,6,,417
2025-11-17T22:59:51.152902,IPv4,127.0.0.1,127.0.0.1,6,,52
2025-11-17T22:59:51.152975,IPv4,127.0.0.1,127.0.0.1,6,,52
2025-11-17T22:59:51.168467,IPv4,127.0.0.1,127.0.0.1,6,,423
2025-11-17T22:59:51.168700,IPv4,127.0.0.1,127.0.0.1,6,,423
2025-11-17T22:59:51.169855,IPv4,127.0.0.1,127.0.0.1,6,,88
2025-11-17T22:59:51.170027,IPv4,127.0.0.1,127.0.0.1,6,,88
2025-11-17T22:59:51.170134,IPv4,127.0.0.1,127.0.0.1,6,,52
2025-11-17T22:59:51.170208,IPv4,127.0.0.1,127.0.0.1,6,,52
2025-11-17T22:59:51.297937,IPv4,127.0.0.1,127.0.0.1,6,,417
2025-11-17T22:59:51.298549,IPv4,127.0.0.1,127.0.0.1,6,,417
2025-11-17T22:59:51.299345,IPv4,127.0.0.1,127.0.0.1,6,,52
2025-11-17T22:59:51.300208,IPv4,127.0.0.1,127.0.0.1,6,,52
2025-11-17T22:59:51.300332,IPv4,127.0.0.1,127.0.0.1,6,,423
2025-11-17T22:59:51.300436,IPv4,127.0.0.1,127.0.0.1,6,,423
2025-11-17T22:59:51.301829,IPv4,127.0.0.1,127.0.0.1,6,,88
2025-11-17T22:59:51.301974,IPv4,127.0.0.1,127.0.0.1,6,,88
2025-11-17T22:59:51.302066,IPv4,127.0.0.1,127.0.0.1,6,,52
2025-11-17T22:59:51.302154,IPv4,127.0.0.1,127.0.0.1,6,,52
2025-11-17T22:59:51.429873,IPv4,127.0.0.1,127.0.0.1,6,,417
2025-11-17T22:59:51.430360,IPv4,127.0.0.1,127.0.0.1,6,,417
2025-11-17T22:59:51.430657,IPv4,127.0.0.1,127.0.0.1,6,,52
2025-11-17T22:59:51.430847,IPv4,127.0.0.1,127.0.0.1,6,,52
2025-11-17T22:59:51.455552,IPv4,127.0.0.1,127.0.0.1,6,,381
2025-11-17T22:59:51.456175,IPv4,127.0.0.1,127.0.0.1,6,,381
2025-11-17T22:59:51.457417,IPv4,127.0.0.1,127.0.0.1,6,,88
2025-11-17T22:59:51.457564,IPv4,127.0.0.1,127.0.0.1,6,,88
2025-11-17T22:59:51.457670,IPv4,127.0.0.1,127.0.0.1,6,,52
2025-11-17T22:59:51.458357,IPv4,127.0.0.1,127.0.0.1,6,,52
2025-11-17T22:59:51.459048,IPv4,127.0.0.1,127.0.0.1,6,,407
2025-11-17T22:59:51.459156,IPv4,127.0.0.1,127.0.0.1,6,,407
2025-11-17T22:59:51.460503,IPv4,127.0.0.1,127.0.0.1,6,,88
2025-11-17T22:59:51.460625,IPv4,127.0.0.1,127.0.0.1,6,,88
2025-11-17T22:59:51.501451,IPv4,127.0.0.1,127.0.0.1,6,,52
2025-11-17T22:59:51.501822,IPv4,127.0.0.1,127.0.0.1,6,,52
2025-11-17T22:59:51.505711,IPv4,127.0.0.1,127.0.0.1,6,,212
2025-11-17T22:59:51.506471,IPv4,127.0.0.1,127.0.0.1,6,,212
2025-11-17T22:59:51.506577,IPv4,127.0.0.1,127.0.0.1,6,,52
2025-11-17T22:59:51.506659,IPv4,127.0.0.1,127.0.0.1,6,,52
2025-11-17T22:59:51.512220,IPv4,127.0.0.1,127.0.0.1,6,,423
2025-11-17T22:59:51.512428,IPv4,127.0.0.1,127.0.0.1,6,,423
2025-11-17T22:59:51.515558,IPv4,127.0.0.1,127.0.0.1,6,,88
2025-11-17T22:59:51.515872,IPv4,127.0.0.1,127.0.0.1,6,,88
2025-11-17T22:59:51.516100,IPv4,127.0.0.1,127.0.0.1,6,,52
2025-11-17T22:59:51.516523,IPv4,127.0.0.1,127.0.0.1,6,,52
2025-11-17T22:59:51.573875,IPv4,127.0.0.1,127.0.0.1,6,,423
2025-11-17T22:59:51.574394,IPv4,127.0.0.1,127.0.0.1,6,,423
2025-11-17T22:59:51.575502,IPv4,127.0.0.1,127.0.0.1,6,,88
2025-11-17T22:59:51.575657,IPv4,127.0.0.1,127.0.0.1,6,,88
2025-11-17T22:59:51.575740,IPv4,127.0.0.1,127.0.0.1,6,,52
2025-11-17T22:59:51.575809,IPv4,127.0.0.1,127.0.0.1,6,,52
2025-11-17T22:59:51.644035,IPv4,127.0.0.1,127.0.0.1,6,,417
2025-11-17T22:59:51.644234,IPv4,127.0.0.1,127.0.0.1,6,,417
2025-11-17T22:59:51.644344,IPv4,127.0.0.1,127.0.0.1,6,,52
2025-11-17T22:59:51.644416,IPv4,127.0.0.1,127.0.0.1,6,,52
2025-11-17T22:59:51.664484,IPv4,127.0.0.1,127.0.0.1,6,,226
2025-11-17T22:59:51.664890,IPv4,127.0.0.1,127.0.0.1,6,,226
2025-11-17T22:59:51.665918,IPv4,127.0.0.1,127.0.0.1,6,,88
2025-11-17T22:59:51.666073,IPv4,127.0.0.1,127.0.0.1,6,,88
2025-11-17T22:59:51.666171,IPv4,127.0.0.1,127.0.0.1,6,,52
2025-11-17T22:59:51.666246,IPv4,127.0.0.1,127.0.0.1,6,,52
2025-11-17T22:59:51.711377,IPv4,127.0.0.1,127.0.0.1,6,,219
2025-11-17T22:59:51.711558,IPv4,127.0.0.1,127.0.0.1,6,,219
2025-11-17T22:59:51.712207,IPv4,127.0.0.1,127.0.0.1,6,,88
2025-11-17T22:59:51.712345,IPv4,127.0.0.1,127.0.0.1,6,,88
2025-11-17T22:59:51.712713,IPv4,127.0.0.1,127.0.0.1,6,,52
2025-11-17T22:59:51.714387,IPv4,127.0.0.1,127.0.0.1,6,,52
2025-11-17T22:59:51.787011,IPv4,127.0.0.1,127.0.0.1,6,,423
2025-11-17T22:59:51.787223,IPv4,127.0.0.1,127.0.0.1,6,,423
2025-11-17T22:59:51.788474,IPv4,127.0.0.1,127.0.0.1,6,,88
2025-11-17T22:59:51.788813,IPv4,127.0.0.1,127.0.0.1,6,,88
2025-11-17T22:59:51.789076,IPv4,127.0.0.1,127.0.0.1,6,,52
2025-11-17T22:59:51.789178,IPv4,127.0.0.1,127.0.0.1,6,,52
2025-11-17T22:59:51.841308,IPv4,127.0.0.1,127.0.0.1,6,,417
2025-11-17T22:59:51.841513,IPv4,127.0.0.1,127.0.0.1,6,,417
2025-11-17T22:59:51.841623,IPv4,127.0.0.1,127.0.0.1,6,,52
2025-11-17T22:59:51.841715,IPv4,127.0.0.1,127.0.0.1,6,,52
2025-11-17T22:59:51.969332,IPv4,127.0.0.1,127.0.0.1,6,,417
2025-11-17T22:59:51.969546,IPv4,127.0.0.1,127.0.0.1,6,,417
2025-11-17T22:59:51.969626,IPv4,127.0.0.1,127.0.0.1,6,,52
2025-11-17T22:59:51.969696,IPv4,127.0.0.1,127.0.0.1,6,,52
2025-11-17T22:59:51.986711,IPv4,127.0.0.1,127.0.0.1,6,,423
2025-11-17T22:59:51.987002,IPv4,127.0.0.1,127.0.0.1,6,,423
2025-11-17T22:59:51.987911,IPv4,127.0.0.1,127.0.0.1,6,,88
2025-11-17T22:59:51.988118,IPv4,127.0.0.1,127.0.0.1,6,,88
2025-11-17T22:59:51.988394,IPv4,127.0.0.1,127.0.0.1,6,,52
2025-11-17T22:59:51.988498,IPv4,127.0.0.1,127.0.0.1,6,,52
2025-11-17T22:59:52.111374,IPv4,127.0.0.1,127.0.0.1,6,,423
2025-11-17T22:59:52.111810,IPv4,127.0.0.1,127.0.0.1,6,,423
2025-11-17T22:59:52.112694,IPv4,127.0.0.1,127.0.0.1,6,,88
2025-11-17T22:59:52.112897,IPv4,127.0.0.1,127.0.0.1,6,,88
2025-11-17T22:59:52.113186,IPv4,127.0.0.1,127.0.0.1,6,,52
2025-11-17T22:59:52.113315,IPv4,127.0.0.1,127.0.0.1,6,,52
2025-11-17T22:59:52.116840,IPv4,127.0.0.1,127.0.0.1,6,,417
2025-11-17T22:59:52.117030,IPv4,127.0.0.1,127.0.0.1,6,,417
2025-11-17T22:59:52.117126,IPv4,127.0.0.1,127.0.0.1,6,,52
2025-11-17T22:59:52.117198,IPv4,127.0.0.1,127.0.0.1,6,,52
2025-11-17T22:59:52.246840,IPv4,127.0.0.1,127.0.0.1,6,,417
2025-11-17T22:59:52.247028,IPv4,127.0.0.1,127.0.0.1,6,,417
2025-11-17T22:59:52.247113,IPv4,127.0.0.1,127.0.0.1,6,,52
2025-11-17T22:59:52.247191,IPv4,127.0.0.1,127.0.0.1,6,,52
2025-11-17T22:59:52.261139,IPv4,127.0.0.1,127.0.0.1,6,,423
2025-11-17T22:59:52.261342,IPv4,127.0.0.1,127.0.0.1,6,,423
2025-11-17T22:59:52.262703,IPv4,127.0.0.1,127.0.0.1,6,,88
2025-11-17T22:59:52.263018,IPv4,127.0.0.1,127.0.0.1,6,,88
2025-11-17T22:59:52.263329,IPv4,127.0.0.1,127.0.0.1,6,,52
2025-11-17T22:59:52.263532,IPv4,127.0.0.1,127.0.0.1,6,,52
2025-11-17T22:59:52.390975,IPv4,127.0.0.1,127.0.0.1,6,,417
2025-11-17T22:59:52.391233,IPv4,127.0.0.1,127.0.0.1,6,,417
2025-11-17T22:59:52.391347,IPv4,127.0.0.1,127.0.0.1,6,,52
2025-11-17T22:59:52.391421,IPv4,127.0.0.1,127.0.0.1,6,,52
2025-11-17T22:59:52.396913,IPv4,127.0.0.1,127.0.0.1,6,,423
2025-11-17T22:59:52.397232,IPv4,127.0.0.1,127.0.0.1,6,,423
2025-11-17T22:59:52.399347,IPv4,127.0.0.1,127.0.0.1,6,,88
2025-11-17T22:59:52.399515,IPv4,127.0.0.1,127.0.0.1,6,,88
2025-11-17T22:59:52.399592,IPv4,127.0.0.1,127.0.0.1,6,,52
2025-11-17T22:59:52.399659,IPv4,127.0.0.1,127.0.0.1,6,,52
